KNN Baseline,SVM Baseline,DT Baseline,RF Baseline,CB Baseline,CB Tuned
0.9229052140596369,0.9151000309794395,0.9997772485049947,0.9997773019271948,0.9608223102199006,0.9771347152016827
0.4381625441696113,0.536639526276832,0.5058168942842691,0.5915065722952477,0.5997102848865282,0.5798698047070606
0.8824941724166848,0.9018755421117775,0.914997024073221,0.9348610162238942,0.9293841090646554,0.9309843311855335
0.03633712057609761,0.025762151767958034,0.055454688519608365,0.04817852135656309,0.056044017130439605,0.05891179542286587
